{"organizationId":"f076267c-2b29-4c57-beec-3f6cf7e929b2","groupId":"f076267c-2b29-4c57-beec-3f6cf7e929b2","assetId":"atm-transaction-saikiran","version":"1.0.5","classifier":"raml","main":"atm-transaction-saikiran.raml","name":"atm- transaction-saikiran","dependencies":[{"groupId":"f076267c-2b29-4c57-beec-3f6cf7e929b2","assetId":"errorcodes","version":"1.0.2"}],"tags":[],"metadata":{"projectId":"08ce3914-7036-4f5d-a7c2-ca002428abf3","branchId":"master","commitId":"4178fed5f7712152519f4c1300a107a494582c34"},"originalFormatVersion":"1.0","apiVersion":"v1"}